case_id,hit,precision,recall,gt,pred,case_query
case_4101,0,0.0,0.0,"[{""law_id"": ""91/2015/QH13"", ""aid"": 53354}, {""law_id"": ""91/2015/QH13"", ""aid"": 53328}, {""law_id"": ""91/2015/QH13"", ""aid"": 53360}, {""law_id"": ""91/2015/QH13"", ""aid"": 53373}, {""law_id"": ""92/2015/QH13"", ""aid"": 50822}, {""law_id"": ""92/2015/QH13"", ""aid"": 50823}]","[{""law_id"": ""50/2014/QH13"", ""aid"": 57108}, {""law_id"": ""37/2015/NĐ-CP"", ""aid"": 4081}, {""law_id"": ""100/2015/QH13"", ""aid"": 56447}, {""law_id"": ""92/2015/QH13"", ""aid"": 50691}, {""law_id"": ""92/2015/QH13"", ""aid"": 50705}, {""law_id"": ""50/2014/QH13"", ""aid"": 57075}, {""law_id"": ""92/2015/QH13"", ""aid"": 50857}, {""law_id"": ""326/2016/UBTVQH14"", ""aid"": 13611}]","Chị Lê Thị T khởi kiện anh Chử Lương D và chị Đỗ Thị Thanh T về tranh chấp bồi thường thiệt hại ngoài hợp đồng do chó nhà bị thả rông đuổi cắn làm chị T ngã xe, gây hư hỏng xe máy và chấn thương. Chị T yêu cầu bồi thường chi phí sửa xe máy và viện phí ngoại trú. Agent dự đoán ai được chấp nhận yêu cầu?"
case_4337,0,0.0,0.0,"[{""law_id"": ""92/2015/QH13"", ""aid"": 50973}, {""law_id"": ""91/2015/QH13"", ""aid"": 52901}, {""law_id"": ""91/2015/QH13"", ""aid"": 52943}, {""law_id"": ""91/2015/QH13"", ""aid"": 53191}, {""law_id"": ""91/2015/QH13"", ""aid"": 52967}, {""law_id"": ""91/2015/QH13"", ""aid"": 52969}, {""law_id"": ""91/2015/QH13"", ""aid"": 52991}]","[{""law_id"": ""45/2013/QH13"", ""aid"": 56045}, {""law_id"": ""45/2013/QH13"", ""aid"": 56048}, {""law_id"": ""45/2013/QH13"", ""aid"": 55953}, {""law_id"": ""45/2013/QH13"", ""aid"": 56052}, {""law_id"": ""326/2016/UBTVQH14"", ""aid"": 13626}, {""law_id"": ""45/2013/QH13"", ""aid"": 56049}, {""law_id"": ""45/2013/QH13"", ""aid"": 56056}, {""law_id"": ""45/2013/QH13"", ""aid"": 56152}]","Bà Tô Thị O và bà Tô Thị K tranh chấp quyền sử dụng đất và quyền sở hữu nhà đối với diện tích 207,7m2 thuộc thửa 414, tờ bản đồ số 3. Bà O yêu cầu hủy giấy chứng nhận quyền sử dụng đất đứng tên bà K và buộc bà K trả nhà đất lại. Agent dự đoán: nguyên đơn thắng kiện hay bị đơn thắng kiện?"
case_4588,0,0.0,0.0,"[{""law_id"": ""92/2015/QH13"", ""aid"": 50691}, {""law_id"": ""92/2015/QH13"", ""aid"": 50700}, {""law_id"": ""92/2015/QH13"", ""aid"": 50702}, {""law_id"": ""92/2015/QH13"", ""aid"": 50704}, {""law_id"": ""92/2015/QH13"", ""aid"": 50850}, {""law_id"": ""91/2015/QH13"", ""aid"": 52994}, {""law_id"": ""91/2015/QH13"", ""aid"": 53075}, {""law_id"": ""91/2015/QH13"", ""aid"": 53401}, {""law_id"": ""91/2015/QH13"", ""aid"": 53415}, {""law_id"": ""26/2008/QH12"", ""aid"": 5267}, {""law_id"": ""26/2008/QH12"", ""aid"": 5271}, {""law_id"": ""26/2008/QH12"", ""aid"": 5272}, {""law_id"": ""26/2008/QH12"", ""aid"": 5274}, {""law_id"": ""26/2008/QH12"", ""aid"": 5295}]","[{""law_id"": ""52/2014/QH13"", ""aid"": 53875}, {""law_id"": ""326/2016/UBTVQH14"", ""aid"": 13626}, {""law_id"": ""91/2015/QH13"", ""aid"": 53429}, {""law_id"": ""91/2015/QH13"", ""aid"": 53431}, {""law_id"": ""91/2015/QH13"", ""aid"": 53412}, {""law_id"": ""45/2013/QH13"", ""aid"": 55953}, {""law_id"": ""45/2013/QH13"", ""aid"": 56045}, {""law_id"": ""52/2014/QH13"", ""aid"": 53938}]","Ông NVP và bà NNS tranh chấp về thừa kế, chia di sản và tài sản chung đối với căn nhà 161G BVĐ, Phường 6, Quận 4, TP Hồ Chí Minh; di sản là ½ giá trị căn nhà do cha mẹ để lại chưa chia, có di chúc ngày 22/5/2006. Nguyên đơn yêu cầu chia đều giá trị di sản cho 10 anh chị em, theo giá trị. Agent dự đoán nguyên đơn thắng kiện hay bị đơn thắng kiện?"
case_4616,0,0.0,0.0,"[{""law_id"": ""92/2015/QH13"", ""aid"": 50695}, {""law_id"": ""91/2015/QH13"", ""aid"": 52892}]","[{""law_id"": ""47/2010/QH12"", ""aid"": 273}, {""law_id"": ""45/2013/QH13"", ""aid"": 55953}, {""law_id"": ""47/2010/QH12"", ""aid"": 399}, {""law_id"": ""326/2016/UBTVQH14"", ""aid"": 13626}, {""law_id"": ""45/2013/QH13"", ""aid"": 56160}, {""law_id"": ""47/2010/QH12"", ""aid"": 372}, {""law_id"": ""37/2015/NĐ-CP"", ""aid"": 4084}, {""law_id"": ""92/2015/QH13"", ""aid"": 50857}]","Ngân hàng B khởi kiện Công ty TNHH Thương mại và Xuất nhập khẩu H tranh chấp hợp đồng tín dụng; đồng thời yêu cầu Công ty TNHH Đầu tư K và ông Lam Wing C thực hiện nghĩa vụ bảo lãnh, thế chấp. Ngân hàng đòi khoản nợ gốc, lãi và yêu cầu phát mại các tài sản bảo đảm là quyền sử dụng đất, các căn chung cư. Nguyên đơn có khả năng thắng kiện hay không?"
case_6616,0,0.0,0.0,"[{""law_id"": ""92/2015/QH13"", ""aid"": 50691}, {""law_id"": ""91/2015/QH13"", ""aid"": 52779}, {""law_id"": ""52/2014/QH13"", ""aid"": 53905}, {""law_id"": ""60/2014/QH13"", ""aid"": 3468}, {""law_id"": ""45/2013/QH13"", ""aid"": 55951}, {""law_id"": ""45/2013/QH13"", ""aid"": 56050}, {""law_id"": ""326/2016/UBTVQH14"", ""aid"": 13611}]","[{""law_id"": ""45/2013/QH13"", ""aid"": 55953}, {""law_id"": ""45/2013/QH13"", ""aid"": 56045}, {""law_id"": ""326/2016/UBTVQH14"", ""aid"": 13626}, {""law_id"": ""45/2013/QH13"", ""aid"": 56015}, {""law_id"": ""45/2013/QH13"", ""aid"": 56129}, {""law_id"": ""45/2013/QH13"", ""aid"": 56136}, {""law_id"": ""45/2013/QH13"", ""aid"": 56049}, {""law_id"": ""45/2013/QH13"", ""aid"": 56117}]","Ông Nguyễn Văn H kiện cụ Trần Thị Đ và các đồng thừa kế về tranh chấp thừa kế theo pháp luật. Di sản gồm quyền sử dụng đất ở tại thửa 20, thửa 107 (tờ bản đồ số 4) và số tiền Nhà nước bồi thường, lãi phát sinh từ việc thu hồi đất. Ông H yêu cầu chia di sản cho các đồng thừa kế. Agent dự đoán nguyên đơn thắng hay bị đơn thắng?"
case_5226,0,0.0,0.0,"[{""law_id"": ""92/2015/QH13"", ""aid"": 50691}, {""law_id"": ""91/2015/QH13"", ""aid"": 52886}]","[{""law_id"": ""47/2010/QH12"", ""aid"": 273}, {""law_id"": ""45/2013/QH13"", ""aid"": 56045}, {""law_id"": ""45/2013/QH13"", ""aid"": 55953}, {""law_id"": ""326/2016/UBTVQH14"", ""aid"": 13626}, {""law_id"": ""66/2014/QH13"", ""aid"": 895}, {""law_id"": ""26/2008/QH12"", ""aid"": 5378}, {""law_id"": ""92/2015/QH13"", ""aid"": 51142}, {""law_id"": ""92/2015/QH13"", ""aid"": 50931}]","Ngân hàng B khởi kiện anh Nguyễn Văn T về tranh chấp hợp đồng tín dụng và yêu cầu thực hiện nghĩa vụ trả nợ. Khoản vay được bảo đảm bằng hợp đồng thế chấp quyền sử dụng đất và tài sản gắn liền trên đất của thửa 613, tờ bản đồ 05. Ngân hàng yêu cầu trả cả gốc và lãi, và xử lý tài sản thế chấp nếu không thanh toán. Nguyên đơn sẽ thắng kiện hay bị đơn thắng kiện?"
case_6284,1,0.125,0.25,"[{""law_id"": ""45/2013/QH13"", ""aid"": 56116}, {""law_id"": ""91/2015/QH13"", ""aid"": 52887}, {""law_id"": ""92/2015/QH13"", ""aid"": 50691}, {""law_id"": ""326/2016/UBTVQH14"", ""aid"": 13626}]","[{""law_id"": ""45/2013/QH13"", ""aid"": 55953}, {""law_id"": ""45/2013/QH13"", ""aid"": 56045}, {""law_id"": ""45/2013/QH13"", ""aid"": 56050}, {""law_id"": ""326/2016/UBTVQH14"", ""aid"": 13626}, {""law_id"": ""45/2013/QH13"", ""aid"": 56049}, {""law_id"": ""45/2013/QH13"", ""aid"": 56152}, {""law_id"": ""45/2013/QH13"", ""aid"": 56052}, {""law_id"": ""45/2013/QH13"", ""aid"": 56117}]","Ông Trần Quang H kiện ông Bùi Văn T và bà Phạm Thị P về tranh chấp hợp đồng chuyển nhượng quyền sử dụng đất (hợp đồng công chứng số 728A lập ngày 08/12/2011) liên quan hai thửa 599 và 584, tờ bản đồ 9. Ông H yêu cầu tiếp tục thực hiện hợp đồng, giao đất và tài sản trên đất cho ông và bà Trần Thùy L1. Theo bạn, ông H thắng kiện hay bị đơn thắng kiện?"
case_3995,0,0.0,0.0,"[{""law_id"": ""91/2015/QH13"", ""aid"": 52962}, {""law_id"": ""45/2013/QH13"", ""aid"": 56085}]","[{""law_id"": ""45/2013/QH13"", ""aid"": 55953}, {""law_id"": ""45/2013/QH13"", ""aid"": 56052}, {""law_id"": ""45/2013/QH13"", ""aid"": 56022}, {""law_id"": ""50/2014/QH13"", ""aid"": 56965}, {""law_id"": ""45/2013/QH13"", ""aid"": 56045}, {""law_id"": ""45/2013/QH13"", ""aid"": 56153}, {""law_id"": ""92/2015/QH13"", ""aid"": 51142}, {""law_id"": ""45/2013/QH13"", ""aid"": 56152}]","Ông Trần Văn T và bà Đoàn Thị X tranh chấp với ông Nguyễn Văn V và ông Hoàng Gia T về việc các hộ này lấn chiếm diện tích đất rừng tại khu vực Cửa hầm thôn 4L, xã T, huyện H, tỉnh Quảng Bình theo giấy tờ giao/ cấp quyền sử dụng đất. Nguyên đơn yêu cầu bị đơn trả lại phần đất bị lấn chiếm. Agent dự đoán nguyên đơn thắng kiện hay bị đơn thắng kiện?"
case_6384,1,0.125,0.2,"[{""law_id"": ""92/2015/QH13"", ""aid"": 50691}, {""law_id"": ""91/2015/QH13"", ""aid"": 52781}, {""law_id"": ""45/2013/QH13"", ""aid"": 56000}, {""law_id"": ""45/2013/QH13"", ""aid"": 56050}, {""law_id"": ""326/2016/UBTVQH14"", ""aid"": 13611}]","[{""law_id"": ""45/2013/QH13"", ""aid"": 55953}, {""law_id"": ""50/2014/QH13"", ""aid"": 56965}, {""law_id"": ""45/2013/QH13"", ""aid"": 56045}, {""law_id"": ""52/2014/QH13"", ""aid"": 53875}, {""law_id"": ""45/2013/QH13"", ""aid"": 56052}, {""law_id"": ""45/2013/QH13"", ""aid"": 56056}, {""law_id"": ""45/2013/QH13"", ""aid"": 56050}, {""law_id"": ""45/2013/QH13"", ""aid"": 56012}]","Ông Hoàng Hồng T và ông Hà Văn B tranh chấp quyền sử dụng đất và cây trồng trên đất lâm nghiệp/đồi Ma Thai, diện tích khoảng 10.083m2. Có Giấy chứng nhận quyền sử dụng đất do Nhà nước cấp cho ông T. Ông T yêu cầu được quản lý, sử dụng phần đất tranh chấp và buộc ông B di dời cây hồi, cây sở, cây thông, đồng thời hủy giấy chứng nhận. Agent dự đoán nguyên đơn thắng kiện hay bị đơn thắng kiện?"
case_8219,0,0.0,0.0,"[{""law_id"": ""92/2015/QH13"", ""aid"": 50691}, {""law_id"": ""91/2015/QH13"", ""aid"": 53241}, {""law_id"": ""91/2015/QH13"", ""aid"": 53127}, {""law_id"": ""326/2016/UBTVQH14"", ""aid"": 13611}]","[{""law_id"": ""92/2015/QH13"", ""aid"": 50882}, {""law_id"": ""92/2015/QH13"", ""aid"": 50857}, {""law_id"": ""92/2015/QH13"", ""aid"": 51142}, {""law_id"": ""100/2015/QH13"", ""aid"": 56815}, {""law_id"": ""100/2015/QH13"", ""aid"": 56644}, {""law_id"": ""92/2015/QH13"", ""aid"": 51123}, {""law_id"": ""92/2015/QH13"", ""aid"": 50931}, {""law_id"": ""100/2015/QH13"", ""aid"": 56661}]","Bà Nguyễn Thị Bé M khởi kiện bà Nguyễn Thị H tranh chấp hợp đồng vay tài sản, liên quan “Giấy mượn tiền” ngày 03/3/2014, gồm tiền 81.000.000 đồng và 05 phân vàng 9999, cùng chi phí sửa chữa nhà 60.000.000 đồng. Nguyên đơn yêu cầu bị đơn hoàn trả 142.800.000 đồng một lần. Theo bạn, nguyên đơn thắng kiện hay bị đơn thắng kiện?"
case_2705,0,0.0,0.0,"[{""law_id"": ""92/2015/QH13"", ""aid"": 50812}, {""law_id"": ""91/2015/QH13"", ""aid"": 52893}, {""law_id"": ""326/2016/UBTVQH14"", ""aid"": 13647}]","[{""law_id"": ""52/2014/QH13"", ""aid"": 53875}, {""law_id"": ""47/2010/QH12"", ""aid"": 273}, {""law_id"": ""100/2015/QH13"", ""aid"": 56661}, {""law_id"": ""92/2015/QH13"", ""aid"": 50931}, {""law_id"": ""93/2015/QH13"", ""aid"": 14498}, {""law_id"": ""26/2008/QH12"", ""aid"": 5286}, {""law_id"": ""37/2015/NĐ-CP"", ""aid"": 4073}, {""law_id"": ""100/2015/QH13"", ""aid"": 56644}]","Ông Nguyễn Hữu B khởi kiện ông Phạm Văn C về tranh chấp hợp đồng dịch vụ ngày 26/7/2013 liên quan đến việc giới thiệu, tuyển dụng và đào tạo con trai ông Đ vào làm tại công ty hàng không. Ông B yêu cầu hủy bỏ giao dịch, buộc ông C hoàn trả 100.000.000 đồng. Agent dự đoán: nguyên đơn thắng kiện hay bị đơn thắng kiện?"
case_3263,1,0.125,0.25,"[{""law_id"": ""92/2015/QH13"", ""aid"": 50893}, {""law_id"": ""91/2015/QH13"", ""aid"": 53127}, {""law_id"": ""52/2014/QH13"", ""aid"": 53909}, {""law_id"": ""326/2016/UBTVQH14"", ""aid"": 13626}]","[{""law_id"": ""100/2015/QH13"", ""aid"": 56725}, {""law_id"": ""100/2015/QH13"", ""aid"": 56815}, {""law_id"": ""326/2016/UBTVQH14"", ""aid"": 13626}, {""law_id"": ""52/2014/QH13"", ""aid"": 53875}, {""law_id"": ""92/2015/QH13"", ""aid"": 50931}, {""law_id"": ""92/2015/QH13"", ""aid"": 50882}, {""law_id"": ""92/2015/QH13"", ""aid"": 51142}, {""law_id"": ""100/2015/QH13"", ""aid"": 56819}]","Bà Huỳnh Hồng T khởi kiện vợ chồng ông Phạm Ngọc H và bà Nguyễn Thị Thúy H về tranh chấp tiền hụi (hụi tháng, hụi ngày, hụi chết) và tiền vay; yêu cầu liên đới thanh toán tổng 1.075.000.000 đồng. Agent dự đoán: nguyên đơn thắng kiện hay bị đơn thắng kiện?"
case_9125,0,0.0,0.0,"[{""law_id"": ""92/2015/QH13"", ""aid"": 50691}, {""law_id"": ""91/2015/QH13"", ""aid"": 52885}, {""law_id"": ""45/2013/QH13"", ""aid"": 55976}, {""law_id"": ""326/2016/UBTVQH14"", ""aid"": 13611}]","[{""law_id"": ""45/2013/QH13"", ""aid"": 56045}, {""law_id"": ""326/2016/UBTVQH14"", ""aid"": 13626}, {""law_id"": ""45/2013/QH13"", ""aid"": 56049}, {""law_id"": ""45/2013/QH13"", ""aid"": 55953}, {""law_id"": ""92/2015/QH13"", ""aid"": 50931}, {""law_id"": ""92/2015/QH13"", ""aid"": 50857}, {""law_id"": ""92/2015/QH13"", ""aid"": 51142}, {""law_id"": ""45/2013/QH13"", ""aid"": 56050}]","Ông Võ N khởi kiện ông Võ Thanh Q về tranh chấp quyền sử dụng đất 437m2, kèm yêu cầu liên quan giấy chứng nhận quyền sử dụng đất và quyết định cá biệt của cơ quan hành chính. Ông N đề nghị công nhận quyền sử dụng đất, buộc trả lại đất và hủy các văn bản liên quan. Agent dự đoán: nguyên đơn thắng kiện hay bị đơn thắng kiện?"
case_5658,1,0.25,0.13333333333333333,"[{""law_id"": ""92/2015/QH13"", ""aid"": 50695}, {""law_id"": ""92/2015/QH13"", ""aid"": 50700}, {""law_id"": ""92/2015/QH13"", ""aid"": 50809}, {""law_id"": ""92/2015/QH13"", ""aid"": 50812}, {""law_id"": ""92/2015/QH13"", ""aid"": 50892}, {""law_id"": ""92/2015/QH13"", ""aid"": 50893}, {""law_id"": ""92/2015/QH13"", ""aid"": 50936}, {""law_id"": ""92/2015/QH13"", ""aid"": 50938}, {""law_id"": ""91/2015/QH13"", ""aid"": 53062}, {""law_id"": ""91/2015/QH13"", ""aid"": 53112}, {""law_id"": ""91/2015/QH13"", ""aid"": 53233}, {""law_id"": ""91/2015/QH13"", ""aid"": 53236}, {""law_id"": ""91/2015/QH13"", ""aid"": 53238}, {""law_id"": ""47/2010/QH12"", ""aid"": 360}, {""law_id"": ""47/2010/QH12"", ""aid"": 364}]","[{""law_id"": ""47/2010/QH12"", ""aid"": 273}, {""law_id"": ""92/2015/QH13"", ""aid"": 51142}, {""law_id"": ""47/2010/QH12"", ""aid"": 364}, {""law_id"": ""91/2015/QH13"", ""aid"": 53236}, {""law_id"": ""92/2015/QH13"", ""aid"": 50931}, {""law_id"": ""50/2014/QH13"", ""aid"": 57108}, {""law_id"": ""92/2015/QH13"", ""aid"": 50882}, {""law_id"": ""37/2015/NĐ-CP"", ""aid"": 4084}]","Công ty TNHH MTV V (VA*C) với tư cách nguyên đơn tranh chấp hợp đồng tín dụng và nghĩa vụ trả nợ, kèm quyền phát mãi tài sản thế chấp; bị đơn là ông Phạm Hồng S và bà Bùi Thị Thanh T. Nguyên đơn yêu cầu buộc trả toàn bộ nợ gốc, nợ lãi và lãi tiếp tục phát sinh, đồng thời xử lý tài sản bảo đảm. Dự đoán nguyên đơn thắng hay bị đơn thắng?"
case_5045,0,0.0,0.0,"[{""law_id"": ""92/2015/QH13"", ""aid"": 50691}, {""law_id"": ""92/2015/QH13"", ""aid"": 50699}, {""law_id"": ""92/2015/QH13"", ""aid"": 50892}, {""law_id"": ""92/2015/QH13"", ""aid"": 50893}, {""law_id"": ""92/2015/QH13"", ""aid"": 50938}, {""law_id"": ""91/2015/QH13"", ""aid"": 53015}, {""law_id"": ""91/2015/QH13"", ""aid"": 53024}, {""law_id"": ""92/2015/QH13"", ""aid"": 50822}, {""law_id"": ""92/2015/QH13"", ""aid"": 50823}, {""law_id"": ""92/2015/QH13"", ""aid"": 50829}, {""law_id"": ""92/2015/QH13"", ""aid"": 50830}, {""law_id"": ""92/2015/QH13"", ""aid"": 50831}, {""law_id"": ""92/2015/QH13"", ""aid"": 50812}]","[{""law_id"": ""326/2016/UBTVQH14"", ""aid"": 13626}, {""law_id"": ""45/2013/QH13"", ""aid"": 56045}, {""law_id"": ""45/2013/QH13"", ""aid"": 55953}, {""law_id"": ""92/2015/QH13"", ""aid"": 50931}, {""law_id"": ""45/2013/QH13"", ""aid"": 56048}, {""law_id"": ""92/2015/QH13"", ""aid"": 51142}, {""law_id"": ""45/2013/QH13"", ""aid"": 56052}, {""law_id"": ""45/2013/QH13"", ""aid"": 56049}]","Ông bà Tô Thị Mộng L, Huỳnh Thanh T, Tô Duy H, Trần Thị Hồng M tranh chấp với ông Nguyễn Liên H1, bà Lê Thị M1 liên quan lối đi chung 3m x 6,49m (19,47m2) thuộc quyền sử dụng đất và giấy chứng nhận đã cấp. Nguyên đơn yêu cầu trả lại đất lối đi và hủy giấy chứng nhận quyền sử dụng đất. Nguyên đơn thắng kiện hay bị đơn thắng kiện?"
case_4920,1,0.125,0.058823529411764705,"[{""law_id"": ""92/2015/QH13"", ""aid"": 50691}, {""law_id"": ""92/2015/QH13"", ""aid"": 50700}, {""law_id"": ""92/2015/QH13"", ""aid"": 50704}, {""law_id"": ""92/2015/QH13"", ""aid"": 50812}, {""law_id"": ""92/2015/QH13"", ""aid"": 50909}, {""law_id"": ""92/2015/QH13"", ""aid"": 50931}, {""law_id"": ""92/2015/QH13"", ""aid"": 50894}, {""law_id"": ""91/2015/QH13"", ""aid"": 52892}, {""law_id"": ""91/2015/QH13"", ""aid"": 52894}, {""law_id"": ""91/2015/QH13"", ""aid"": 52904}, {""law_id"": ""91/2015/QH13"", ""aid"": 52907}, {""law_id"": ""91/2015/QH13"", ""aid"": 53171}, {""law_id"": ""91/2015/QH13"", ""aid"": 53192}, {""law_id"": ""91/2015/QH13"", ""aid"": 53459}, {""law_id"": ""45/2013/QH13"", ""aid"": 56056}, {""law_id"": ""45/2013/QH13"", ""aid"": 56077}, {""law_id"": ""66/2014/QH13"", ""aid"": 857}]","[{""law_id"": ""326/2016/UBTVQH14"", ""aid"": 13626}, {""law_id"": ""45/2013/QH13"", ""aid"": 56045}, {""law_id"": ""45/2013/QH13"", ""aid"": 55953}, {""law_id"": ""66/2014/QH13"", ""aid"": 867}, {""law_id"": ""45/2013/QH13"", ""aid"": 56050}, {""law_id"": ""92/2015/QH13"", ""aid"": 51142}, {""law_id"": ""45/2013/QH13"", ""aid"": 56014}, {""law_id"": ""92/2015/QH13"", ""aid"": 50931}]",Bà Trần Thị Ngọc H khởi kiện Công ty IJC tranh chấp hợp đồng mua bán chuyển nhượng bất động sản/quyền sử dụng đất gồm 03 hợp đồng ngày 30/9/2011 kèm phụ lục. Nguyên đơn yêu cầu tiếp tục thực hiện hợp đồng và buộc bị đơn thanh toán tiền lãi 17%/năm trong 5 năm tương ứng 644.406.250 đồng. Agent dự đoán nguyên đơn thắng kiện hay bị đơn thắng kiện?
case_8758,1,0.125,0.045454545454545456,"[{""law_id"": ""45/2013/QH13"", ""aid"": 56045}, {""law_id"": ""45/2013/QH13"", ""aid"": 56116}, {""law_id"": ""45/2013/QH13"", ""aid"": 56120}, {""law_id"": ""45/2013/QH13"", ""aid"": 56121}, {""law_id"": ""45/2013/QH13"", ""aid"": 56152}, {""law_id"": ""45/2013/QH13"", ""aid"": 56153}, {""law_id"": ""91/2015/QH13"", ""aid"": 53024}, {""law_id"": ""91/2015/QH13"", ""aid"": 53027}, {""law_id"": ""91/2015/QH13"", ""aid"": 53035}, {""law_id"": ""91/2015/QH13"", ""aid"": 53036}, {""law_id"": ""92/2015/QH13"", ""aid"": 50691}, {""law_id"": ""92/2015/QH13"", ""aid"": 50700}, {""law_id"": ""92/2015/QH13"", ""aid"": 50809}, {""law_id"": ""92/2015/QH13"", ""aid"": 50812}, {""law_id"": ""92/2015/QH13"", ""aid"": 50820}, {""law_id"": ""92/2015/QH13"", ""aid"": 50822}, {""law_id"": ""92/2015/QH13"", ""aid"": 50823}, {""law_id"": ""92/2015/QH13"", ""aid"": 50828}, {""law_id"": ""92/2015/QH13"", ""aid"": 50830}, {""law_id"": ""92/2015/QH13"", ""aid"": 50831}, {""law_id"": ""92/2015/QH13"", ""aid"": 50882}, {""law_id"": ""92/2015/QH13"", ""aid"": 50938}]","[{""law_id"": ""52/2014/QH13"", ""aid"": 53875}, {""law_id"": ""92/2015/QH13"", ""aid"": 51142}, {""law_id"": ""326/2016/UBTVQH14"", ""aid"": 13626}, {""law_id"": ""92/2015/QH13"", ""aid"": 50931}, {""law_id"": ""92/2015/QH13"", ""aid"": 50865}, {""law_id"": ""26/2008/QH12"", ""aid"": 5286}, {""law_id"": ""92/2015/QH13"", ""aid"": 51102}, {""law_id"": ""92/2015/QH13"", ""aid"": 50882}]","Bà Diêm Thị V (ông Nguyễn Thái A đại diện) tranh chấp với chị Nguyễn Thị N và các con của bà T (anh Nguyễn Hoàng C, chị Nguyễn Thị T, anh Nguyễn Văn K) về phần đất làm lối đi khoảng 42m² thuộc thửa đất 83, tờ bản đồ 28, liên quan giấy tờ xin/được xác nhận lối đi từ năm 1995. Bà V yêu cầu trả lại 42m². Agent dự đoán nguyên đơn thắng hay bị đơn thắng?"
case_9089,0,0.0,0.0,"[{""law_id"": ""92/2015/QH13"", ""aid"": 50669}, {""law_id"": ""92/2015/QH13"", ""aid"": 50691}, {""law_id"": ""92/2015/QH13"", ""aid"": 50700}, {""law_id"": ""92/2015/QH13"", ""aid"": 50704}, {""law_id"": ""92/2015/QH13"", ""aid"": 50756}, {""law_id"": ""92/2015/QH13"", ""aid"": 50812}, {""law_id"": ""92/2015/QH13"", ""aid"": 50822}, {""law_id"": ""92/2015/QH13"", ""aid"": 50830}, {""law_id"": ""92/2015/QH13"", ""aid"": 50893}, {""law_id"": ""92/2015/QH13"", ""aid"": 50938}, {""law_id"": ""45/2013/QH13"", ""aid"": 56116}, {""law_id"": ""45/2013/QH13"", ""aid"": 56120}, {""law_id"": ""45/2013/QH13"", ""aid"": 56153}]","[{""law_id"": ""326/2016/UBTVQH14"", ""aid"": 13626}, {""law_id"": ""45/2013/QH13"", ""aid"": 55953}, {""law_id"": ""45/2013/QH13"", ""aid"": 56045}, {""law_id"": ""45/2013/QH13"", ""aid"": 56052}, {""law_id"": ""45/2013/QH13"", ""aid"": 56048}, {""law_id"": ""45/2013/QH13"", ""aid"": 56152}, {""law_id"": ""92/2015/QH13"", ""aid"": 51142}, {""law_id"": ""92/2015/QH13"", ""aid"": 50931}]","Ông Huỳnh Trọng K và bà Nguyễn Thị L tranh chấp quyền sử dụng đất với bà Huỳnh Thị L1 và bà Lê Thị M liên quan thửa đất 475/476 tại phường B, quận C, TP Cần Thơ (giấy CNQSD đất đã cấp đổi). Nguyên đơn yêu cầu buộc bị đơn giao trả phần đất tranh chấp diện tích 1.437,9m2. Agent dự đoán nguyên đơn hay bị đơn thắng kiện?"
case_127,1,0.375,0.09090909090909091,"[{""law_id"": ""92/2015/QH13"", ""aid"": 50691}, {""law_id"": ""92/2015/QH13"", ""aid"": 50700}, {""law_id"": ""92/2015/QH13"", ""aid"": 50704}, {""law_id"": ""92/2015/QH13"", ""aid"": 50809}, {""law_id"": ""92/2015/QH13"", ""aid"": 50812}, {""law_id"": ""92/2015/QH13"", ""aid"": 50931}, {""law_id"": ""92/2015/QH13"", ""aid"": 50938}, {""law_id"": ""92/2015/QH13"", ""aid"": 50945}, {""law_id"": ""91/2015/QH13"", ""aid"": 52891}, {""law_id"": ""91/2015/QH13"", ""aid"": 52892}, {""law_id"": ""91/2015/QH13"", ""aid"": 52893}, {""law_id"": ""91/2015/QH13"", ""aid"": 52894}, {""law_id"": ""91/2015/QH13"", ""aid"": 53025}, {""law_id"": ""91/2015/QH13"", ""aid"": 53026}, {""law_id"": ""91/2015/QH13"", ""aid"": 53050}, {""law_id"": ""91/2015/QH13"", ""aid"": 53051}, {""law_id"": ""91/2015/QH13"", ""aid"": 53060}, {""law_id"": ""91/2015/QH13"", ""aid"": 53171}, {""law_id"": ""91/2015/QH13"", ""aid"": 53209}, {""law_id"": ""91/2015/QH13"", ""aid"": 53220}, {""law_id"": ""91/2015/QH13"", ""aid"": 53221}, {""law_id"": ""91/2015/QH13"", ""aid"": 53222}, {""law_id"": ""91/2015/QH13"", ""aid"": 53224}, {""law_id"": ""91/2015/QH13"", ""aid"": 53241}, {""law_id"": ""91/2015/QH13"", ""aid"": 53244}, {""law_id"": ""91/2015/QH13"", ""aid"": 53467}, {""law_id"": ""91/2015/QH13"", ""aid"": 53468}, {""law_id"": ""91/2015/QH13"", ""aid"": 53469}, {""law_id"": ""91/2015/QH13"", ""aid"": 53470}, {""law_id"": ""91/2015/QH13"", ""aid"": 53471}, {""law_id"": ""91/2015/QH13"", ""aid"": 53472}, {""law_id"": ""91/2015/QH13"", ""aid"": 52925}, {""law_id"": ""91/2015/QH13"", ""aid"": 53458}]","[{""law_id"": ""326/2016/UBTVQH14"", ""aid"": 13626}, {""law_id"": ""45/2013/QH13"", ""aid"": 55953}, {""law_id"": ""52/2014/QH13"", ""aid"": 53875}, {""law_id"": ""45/2013/QH13"", ""aid"": 56045}, {""law_id"": ""92/2015/QH13"", ""aid"": 50931}, {""law_id"": ""92/2015/QH13"", ""aid"": 50704}, {""law_id"": ""92/2015/QH13"", ""aid"": 50691}, {""law_id"": ""92/2015/QH13"", ""aid"": 51142}]","Nguyên đơn gồm ông Nguyễn Văn T (vợ bà Trịnh Thị T V, các con/ người kế thừa) và bị đơn là vợ chồng ông Phạm Văn Th, bà Vũ Thị H. Tranh chấp hợp đồng chuyển nhượng nhà, đất giữa cụ Phạm Văn L với cụ Phạm Thị M, kèm yêu cầu hủy GCNQSDĐ. Nguyên đơn đề nghị tuyên giao dịch vô hiệu, buộc trả lại nhà đất. Agent dự đoán nguyên đơn thắng hay bị đơn thắng?"
case_2978,0,0.0,0.0,"[{""law_id"": ""92/2015/QH13"", ""aid"": 50691}, {""law_id"": ""92/2015/QH13"", ""aid"": 50700}, {""law_id"": ""92/2015/QH13"", ""aid"": 50892}, {""law_id"": ""92/2015/QH13"", ""aid"": 50893}]","[{""law_id"": ""100/2015/QH13"", ""aid"": 56815}, {""law_id"": ""100/2015/QH13"", ""aid"": 56770}, {""law_id"": ""52/2014/QH13"", ""aid"": 53875}, {""law_id"": ""92/2015/QH13"", ""aid"": 50857}, {""law_id"": ""92/2015/QH13"", ""aid"": 50883}, {""law_id"": ""26/2008/QH12"", ""aid"": 5380}, {""law_id"": ""100/2015/QH13"", ""aid"": 56731}, {""law_id"": ""45/2013/QH13"", ""aid"": 56150}]","Anh Ong Teng Kh kiện các chị Diệp Kiều H, Nguyễn Thị Huỳnh Nh, Huỳnh Nguyễn Ngọc Kiều O tranh chấp “kiện đòi tài sản”. Anh cho rằng đã đầu tư tiền vốn và yêu cầu các bị đơn trả lại hệ thống nhà xưởng, 01 xe máy xúc, 03 bộ máy băm củi và khoảng 1.000 tấn củi băm nhỏ. Agent dự đoán nguyên đơn thắng hay bị đơn thắng?"
case_4579,0,0.0,0.0,"[{""law_id"": ""91/2015/QH13"", ""aid"": 53458}, {""law_id"": ""45/2013/QH13"", ""aid"": 55954}, {""law_id"": ""45/2013/QH13"", ""aid"": 55955}, {""law_id"": ""45/2013/QH13"", ""aid"": 56055}, {""law_id"": ""92/2015/QH13"", ""aid"": 50812}, {""law_id"": ""92/2015/QH13"", ""aid"": 50828}, {""law_id"": ""92/2015/QH13"", ""aid"": 50834}]","[{""law_id"": ""45/2013/QH13"", ""aid"": 56045}, {""law_id"": ""45/2013/QH13"", ""aid"": 55953}, {""law_id"": ""326/2016/UBTVQH14"", ""aid"": 13626}, {""law_id"": ""45/2013/QH13"", ""aid"": 56052}, {""law_id"": ""45/2013/QH13"", ""aid"": 56152}, {""law_id"": ""52/2014/QH13"", ""aid"": 53875}, {""law_id"": ""45/2013/QH13"", ""aid"": 56048}, {""law_id"": ""45/2013/QH13"", ""aid"": 56153}]","Bà Trần Thị N khởi kiện ông Trần Cảnh N về tranh chấp quyền sử dụng đất liên quan lối đi qua và diện tích khoảng 102m2. Bà N yêu cầu buộc ông N trả lại diện tích 102m2 theo sơ đồ bản vẽ đo vẽ năm 2007, gắn với Giấy chứng nhận đất của gia đình bà. Agent dự đoán nguyên đơn thắng kiện hay bị đơn thắng kiện?"
case_5236,0,0.0,0.0,"[{""law_id"": ""91/2015/QH13"", ""aid"": 53159}, {""law_id"": ""91/2015/QH13"", ""aid"": 53171}, {""law_id"": ""91/2015/QH13"", ""aid"": 53172}, {""law_id"": ""91/2015/QH13"", ""aid"": 53173}, {""law_id"": ""91/2015/QH13"", ""aid"": 53174}, {""law_id"": ""91/2015/QH13"", ""aid"": 53249}, {""law_id"": ""91/2015/QH13"", ""aid"": 53058}, {""law_id"": ""91/2015/QH13"", ""aid"": 53127}, {""law_id"": ""52/2014/QH13"", ""aid"": 53899}, {""law_id"": ""52/2014/QH13"", ""aid"": 53909}, {""law_id"": ""92/2015/QH13"", ""aid"": 50691}, {""law_id"": ""92/2015/QH13"", ""aid"": 50700}, {""law_id"": ""92/2015/QH13"", ""aid"": 50704}, {""law_id"": ""92/2015/QH13"", ""aid"": 50812}, {""law_id"": ""92/2015/QH13"", ""aid"": 50893}, {""law_id"": ""92/2015/QH13"", ""aid"": 50936}, {""law_id"": ""92/2015/QH13"", ""aid"": 50938}]","[{""law_id"": ""326/2016/UBTVQH14"", ""aid"": 13626}, {""law_id"": ""92/2015/QH13"", ""aid"": 51142}, {""law_id"": ""92/2015/QH13"", ""aid"": 51137}, {""law_id"": ""92/2015/QH13"", ""aid"": 51062}, {""law_id"": ""92/2015/QH13"", ""aid"": 50875}, {""law_id"": ""52/2014/QH13"", ""aid"": 53875}, {""law_id"": ""26/2008/QH12"", ""aid"": 5286}, {""law_id"": ""50/2014/QH13"", ""aid"": 57108}]","Ông Trần Văn C khởi kiện ông Dương Văn B (và bà Dương Thị L liên quan) về tranh chấp hụi, họ, phường. Hai bên có quan hệ chơi hai dây phường từ 07/7/2015 và 10/02/2016, có thỏa thuận tiền gốc và lãi, trách nhiệm trưởng phường. Ông C yêu cầu hoàn trả tiền phường còn nợ 86.400.000đ. Nguyên đơn thắng hay bị đơn thắng?"
case_6663,0,0.0,0.0,"[{""law_id"": ""92/2015/QH13"", ""aid"": 50684}, {""law_id"": ""92/2015/QH13"", ""aid"": 50695}, {""law_id"": ""92/2015/QH13"", ""aid"": 50700}, {""law_id"": ""92/2015/QH13"", ""aid"": 50704}, {""law_id"": ""92/2015/QH13"", ""aid"": 50812}, {""law_id"": ""92/2015/QH13"", ""aid"": 50892}, {""law_id"": ""92/2015/QH13"", ""aid"": 50893}, {""law_id"": ""91/2015/QH13"", ""aid"": 53241}, {""law_id"": ""91/2015/QH13"", ""aid"": 53243}, {""law_id"": ""91/2015/QH13"", ""aid"": 53244}, {""law_id"": ""91/2015/QH13"", ""aid"": 53246}, {""law_id"": ""91/2015/QH13"", ""aid"": 53062}, {""law_id"": ""91/2015/QH13"", ""aid"": 53069}, {""law_id"": ""91/2015/QH13"", ""aid"": 53087}, {""law_id"": ""91/2015/QH13"", ""aid"": 53090}, {""law_id"": ""91/2015/QH13"", ""aid"": 53093}, {""law_id"": ""91/2015/QH13"", ""aid"": 53233}, {""law_id"": ""91/2015/QH13"", ""aid"": 53236}, {""law_id"": ""91/2015/QH13"", ""aid"": 53238}, {""law_id"": ""91/2015/QH13"", ""aid"": 53458}, {""law_id"": ""47/2010/QH12"", ""aid"": 360}, {""law_id"": ""47/2010/QH12"", ""aid"": 364}, {""law_id"": ""326/2016/UBTVQH14"", ""aid"": 13625}]","[{""law_id"": ""47/2010/QH12"", ""aid"": 273}, {""law_id"": ""47/2010/QH12"", ""aid"": 372}, {""law_id"": ""47/2010/QH12"", ""aid"": 399}, {""law_id"": ""92/2015/QH13"", ""aid"": 50931}, {""law_id"": ""37/2015/NĐ-CP"", ""aid"": 4072}, {""law_id"": ""47/2010/QH12"", ""aid"": 328}, {""law_id"": ""47/2010/QH12"", ""aid"": 332}, {""law_id"": ""37/2015/NĐ-CP"", ""aid"": 4084}]","Ngân hàng TMCP T (TPBank) khởi kiện Công ty TNHH Thương mại dịch vụ vận tải H tranh chấp hợp đồng tín dụng đã ký cho vay theo hạn mức, kèm các hợp đồng thế chấp tài sản là các xe đầu kéo, sơ mi rơ mooc. Ngân hàng yêu cầu buộc thanh toán toàn bộ nợ gốc, lãi và xử lý tài sản bảo đảm để thu hồi nợ. Agent dự đoán nguyên đơn thắng kiện hay bị đơn thắng kiện?"
case_8732,0,0.0,0.0,"[{""law_id"": ""91/2015/QH13"", ""aid"": 53241}, {""law_id"": ""91/2015/QH13"", ""aid"": 53243}, {""law_id"": ""91/2015/QH13"", ""aid"": 53244}, {""law_id"": ""91/2015/QH13"", ""aid"": 53246}, {""law_id"": ""91/2015/QH13"", ""aid"": 53247}, {""law_id"": ""91/2015/QH13"", ""aid"": 53248}, {""law_id"": ""91/2015/QH13"", ""aid"": 53127}, {""law_id"": ""91/2015/QH13"", ""aid"": 53238}]","[{""law_id"": ""45/2013/QH13"", ""aid"": 56045}, {""law_id"": ""45/2013/QH13"", ""aid"": 55953}, {""law_id"": ""326/2016/UBTVQH14"", ""aid"": 13626}, {""law_id"": ""50/2014/QH13"", ""aid"": 57108}, {""law_id"": ""92/2015/QH13"", ""aid"": 51142}, {""law_id"": ""92/2015/QH13"", ""aid"": 50857}, {""law_id"": ""91/2015/QH13"", ""aid"": 53236}, {""law_id"": ""92/2015/QH13"", ""aid"": 50769}]","Chị Phạm Thị O kiện bà Đặng Thị N (có bà Đặng Thị H liên quan) về tranh chấp hợp đồng vay tài sản, thể hiện qua giấy biên nhận vay và thỏa thuận thế chấp quyền sử dụng đất. Nguyên đơn yêu cầu buộc bị đơn trả số tiền gốc 2.340.000.000đ và lãi theo pháp luật. Agent dự đoán nguyên đơn thắng kiện hay bị đơn thắng kiện?"
case_4861,1,0.125,0.07142857142857142,"[{""law_id"": ""92/2015/QH13"", ""aid"": 50700}, {""law_id"": ""92/2015/QH13"", ""aid"": 50702}, {""law_id"": ""92/2015/QH13"", ""aid"": 50812}, {""law_id"": ""91/2015/QH13"", ""aid"": 53419}, {""law_id"": ""91/2015/QH13"", ""aid"": 53420}, {""law_id"": ""91/2015/QH13"", ""aid"": 53421}, {""law_id"": ""91/2015/QH13"", ""aid"": 53428}, {""law_id"": ""91/2015/QH13"", ""aid"": 53430}, {""law_id"": ""52/2014/QH13"", ""aid"": 53905}, {""law_id"": ""52/2014/QH13"", ""aid"": 53931}, {""law_id"": ""45/2013/QH13"", ""aid"": 55955}, {""law_id"": ""45/2013/QH13"", ""aid"": 56050}, {""law_id"": ""326/2016/UBTVQH14"", ""aid"": 13611}, {""law_id"": ""326/2016/UBTVQH14"", ""aid"": 13626}]","[{""law_id"": ""45/2013/QH13"", ""aid"": 55953}, {""law_id"": ""326/2016/UBTVQH14"", ""aid"": 13626}, {""law_id"": ""45/2013/QH13"", ""aid"": 56045}, {""law_id"": ""45/2013/QH13"", ""aid"": 56152}, {""law_id"": ""45/2013/QH13"", ""aid"": 56049}, {""law_id"": ""92/2015/QH13"", ""aid"": 51142}, {""law_id"": ""52/2014/QH13"", ""aid"": 53875}, {""law_id"": ""45/2013/QH13"", ""aid"": 56015}]","Nguyên đơn ông Nguyễn Văn N tranh chấp với các bị đơn ông Nguyễn Văn H và ông Nguyễn Văn S, cùng những người liên quan trong quan hệ thừa kế. Vấn đề là quyền sử dụng đất 2.505m2 tại thửa 14, tờ bản đồ 28 xã T, huyện K và yêu cầu hủy giấy chứng nhận quyền sử dụng đất cấp 06/7/2006. Nguyên đơn đề nghị chia di sản thừa kế của cụ H7, cụ M. Agent dự đoán nguyên đơn thắng kiện hay bị đơn thắng kiện?"
case_3241,1,0.125,0.05555555555555555,"[{""law_id"": ""92/2015/QH13"", ""aid"": 50695}, {""law_id"": ""92/2015/QH13"", ""aid"": 50700}, {""law_id"": ""92/2015/QH13"", ""aid"": 50704}, {""law_id"": ""92/2015/QH13"", ""aid"": 50812}, {""law_id"": ""92/2015/QH13"", ""aid"": 50892}, {""law_id"": ""92/2015/QH13"", ""aid"": 50931}, {""law_id"": ""91/2015/QH13"", ""aid"": 52810}, {""law_id"": ""91/2015/QH13"", ""aid"": 53065}, {""law_id"": ""91/2015/QH13"", ""aid"": 53068}, {""law_id"": ""91/2015/QH13"", ""aid"": 53069}, {""law_id"": ""91/2015/QH13"", ""aid"": 53071}, {""law_id"": ""91/2015/QH13"", ""aid"": 53072}, {""law_id"": ""91/2015/QH13"", ""aid"": 53087}, {""law_id"": ""91/2015/QH13"", ""aid"": 53089}, {""law_id"": ""91/2015/QH13"", ""aid"": 53090}, {""law_id"": ""91/2015/QH13"", ""aid"": 53233}, {""law_id"": ""91/2015/QH13"", ""aid"": 53236}, {""law_id"": ""91/2015/QH13"", ""aid"": 53238}]","[{""law_id"": ""47/2010/QH12"", ""aid"": 273}, {""law_id"": ""45/2013/QH13"", ""aid"": 55953}, {""law_id"": ""45/2013/QH13"", ""aid"": 56045}, {""law_id"": ""26/2008/QH12"", ""aid"": 5378}, {""law_id"": ""92/2015/QH13"", ""aid"": 51142}, {""law_id"": ""92/2015/QH13"", ""aid"": 50931}, {""law_id"": ""326/2016/UBTVQH14"", ""aid"": 13610}, {""law_id"": ""326/2016/UBTVQH14"", ""aid"": 13626}]","Ngân hàng B khởi kiện bà Nguyễn Thị H, ông Nguyễn Văn S và con trai anh Nguyễn Thanh B về tranh chấp hợp đồng tín dụng và hợp đồng thế chấp quyền sử dụng đất, tài sản gắn liền. Ngân hàng yêu cầu buộc trả nợ gốc, lãi đến 19/10/2017 và cho phép xử lý tài sản bảo đảm để thu hồi nợ. Agent dự đoán nguyên đơn thắng kiện hay bị đơn thắng kiện?"
case_1087,0,0.0,0.0,"[{""law_id"": ""91/2015/QH13"", ""aid"": 53068}, {""law_id"": ""91/2015/QH13"", ""aid"": 53374}, {""law_id"": ""91/2015/QH13"", ""aid"": 53375}, {""law_id"": ""91/2015/QH13"", ""aid"": 53376}, {""law_id"": ""91/2015/QH13"", ""aid"": 53378}, {""law_id"": ""91/2015/QH13"", ""aid"": 53127}, {""law_id"": ""91/2015/QH13"", ""aid"": 53238}, {""law_id"": ""92/2015/QH13"", ""aid"": 50822}, {""law_id"": ""92/2015/QH13"", ""aid"": 50829}]","[{""law_id"": ""50/2014/QH13"", ""aid"": 57108}, {""law_id"": ""52/2014/QH13"", ""aid"": 53875}, {""law_id"": ""326/2016/UBTVQH14"", ""aid"": 13626}, {""law_id"": ""92/2015/QH13"", ""aid"": 50705}, {""law_id"": ""45/2013/QH13"", ""aid"": 56022}, {""law_id"": ""100/2015/QH13"", ""aid"": 56815}, {""law_id"": ""93/2015/QH13"", ""aid"": 14601}, {""law_id"": ""100/2015/QH13"", ""aid"": 56682}]",Bà Ngô Thị X khởi kiện vợ chồng ông Phạm Đức Tr và bà Trần Thị G về tranh chấp bồi thường thiệt hại ngoài hợp đồng do tài sản bị xâm phạm. Cụ thể căn nhà và giếng đào trên diện tích bà X nhận chuyển nhượng bằng giấy tay. Nguyên đơn yêu cầu bồi thường 50.000.000đ tiền nhà và 10.000.000đ tiền giếng. Agent dự đoán nguyên đơn thắng kiện hay bị đơn thắng kiện?
case_9052,0,0.0,0.0,"[{""law_id"": ""92/2015/QH13"", ""aid"": 50702}, {""law_id"": ""92/2015/QH13"", ""aid"": 50812}, {""law_id"": ""45/2013/QH13"", ""aid"": 56000}, {""law_id"": ""45/2013/QH13"", ""aid"": 56055}, {""law_id"": ""45/2013/QH13"", ""aid"": 56116}, {""law_id"": ""45/2013/QH13"", ""aid"": 56117}]","[{""law_id"": ""45/2013/QH13"", ""aid"": 55953}, {""law_id"": ""326/2016/UBTVQH14"", ""aid"": 13626}, {""law_id"": ""45/2013/QH13"", ""aid"": 56045}, {""law_id"": ""45/2013/QH13"", ""aid"": 56052}, {""law_id"": ""92/2015/QH13"", ""aid"": 50931}, {""law_id"": ""45/2013/QH13"", ""aid"": 56048}, {""law_id"": ""45/2013/QH13"", ""aid"": 56153}, {""law_id"": ""45/2013/QH13"", ""aid"": 56152}]","Bà Lâm Thị P kiện tranh chấp quyền sử dụng đất với bà Trần Ánh H (và bà Thạch Thị H) liên quan diện tích 1.370m2 thửa 521 tờ bản đồ số 4 tại ấp S, xã L, huyện C, tỉnh Trà Vinh. Nguyên đơn yêu cầu hủy giấy chứng nhận đã cấp cho hộ ông Thạch Ngọc B và công nhận quyền sử dụng đất, buộc các bên trả lại phần đất tương ứng. Theo bạn nguyên đơn thắng kiện hay bị đơn thắng kiện?"
case_5160,1,0.125,0.06666666666666667,"[{""law_id"": ""92/2015/QH13"", ""aid"": 50691}, {""law_id"": ""92/2015/QH13"", ""aid"": 50700}, {""law_id"": ""92/2015/QH13"", ""aid"": 50931}, {""law_id"": ""91/2015/QH13"", ""aid"": 52991}, {""law_id"": ""91/2015/QH13"", ""aid"": 52993}, {""law_id"": ""91/2015/QH13"", ""aid"": 53270}, {""law_id"": ""91/2015/QH13"", ""aid"": 53273}, {""law_id"": ""91/2015/QH13"", ""aid"": 53382}, {""law_id"": ""91/2015/QH13"", ""aid"": 53385}, {""law_id"": ""91/2015/QH13"", ""aid"": 53393}, {""law_id"": ""91/2015/QH13"", ""aid"": 53419}, {""law_id"": ""91/2015/QH13"", ""aid"": 53420}, {""law_id"": ""91/2015/QH13"", ""aid"": 53421}, {""law_id"": ""91/2015/QH13"", ""aid"": 53428}, {""law_id"": ""45/2013/QH13"", ""aid"": 56045}]","[{""law_id"": ""326/2016/UBTVQH14"", ""aid"": 13626}, {""law_id"": ""45/2013/QH13"", ""aid"": 56045}, {""law_id"": ""45/2013/QH13"", ""aid"": 55953}, {""law_id"": ""92/2015/QH13"", ""aid"": 50857}, {""law_id"": ""92/2015/QH13"", ""aid"": 51122}, {""law_id"": ""26/2008/QH12"", ""aid"": 5378}, {""law_id"": ""52/2014/QH13"", ""aid"": 53875}, {""law_id"": ""45/2013/QH13"", ""aid"": 56129}]","Ông Trần Đình H và bà Hoàng Thị T tranh chấp di sản thừa kế với bà Phùng Thị L cùng các con; đồng thời liên quan phần đất 2.325m² bị cắt 180m² chuyển nhượng để trả nợ và phần còn lại. Nguyên đơn yêu cầu chia di sản theo pháp luật, mỗi người nhận 166m². Nguyên đơn thắng kiện hay bị đơn thắng kiện?"
case_8147,1,0.25,0.11764705882352941,"[{""law_id"": ""92/2015/QH13"", ""aid"": 50691}, {""law_id"": ""92/2015/QH13"", ""aid"": 50700}, {""law_id"": ""92/2015/QH13"", ""aid"": 50704}, {""law_id"": ""92/2015/QH13"", ""aid"": 50812}, {""law_id"": ""92/2015/QH13"", ""aid"": 50822}, {""law_id"": ""92/2015/QH13"", ""aid"": 50830}, {""law_id"": ""92/2015/QH13"", ""aid"": 50893}, {""law_id"": ""92/2015/QH13"", ""aid"": 50938}, {""law_id"": ""92/2015/QH13"", ""aid"": 50945}, {""law_id"": ""91/2015/QH13"", ""aid"": 52872}, {""law_id"": ""91/2015/QH13"", ""aid"": 52982}, {""law_id"": ""91/2015/QH13"", ""aid"": 53419}, {""law_id"": ""91/2015/QH13"", ""aid"": 53420}, {""law_id"": ""91/2015/QH13"", ""aid"": 53421}, {""law_id"": ""91/2015/QH13"", ""aid"": 53430}, {""law_id"": ""45/2013/QH13"", ""aid"": 56117}, {""law_id"": ""45/2013/QH13"", ""aid"": 56129}]","[{""law_id"": ""326/2016/UBTVQH14"", ""aid"": 13626}, {""law_id"": ""45/2013/QH13"", ""aid"": 56045}, {""law_id"": ""45/2013/QH13"", ""aid"": 55953}, {""law_id"": ""52/2014/QH13"", ""aid"": 53875}, {""law_id"": ""45/2013/QH13"", ""aid"": 56129}, {""law_id"": ""92/2015/QH13"", ""aid"": 50882}, {""law_id"": ""92/2015/QH13"", ""aid"": 50931}, {""law_id"": ""92/2015/QH13"", ""aid"": 50691}]","Bà Nguyễn Thị L khởi kiện tranh chấp di sản thừa kế quyền sử dụng đất đối với cha mẹ là cụ Nguyễn Văn K và cụ Nguyễn Thị T2 đã chết không di chúc, liên quan thửa đất 286 tờ bản đồ số 1 tại ấp P xã Q huyện T tỉnh Trà Vinh. Nguyên đơn yêu cầu chia thừa kế theo pháp luật, thành 4 phần bằng nhau đối với phần di sản 2.184m², rồi xác định giá trị và thanh toán. Agent dự đoán nguyên đơn thắng kiện hay bị đơn thắng kiện?"
case_2238,0,0.0,0.0,"[{""law_id"": ""92/2015/QH13"", ""aid"": 50691}, {""law_id"": ""92/2015/QH13"", ""aid"": 50699}, {""law_id"": ""92/2015/QH13"", ""aid"": 50700}, {""law_id"": ""92/2015/QH13"", ""aid"": 50704}, {""law_id"": ""92/2015/QH13"", ""aid"": 50822}, {""law_id"": ""92/2015/QH13"", ""aid"": 50830}, {""law_id"": ""92/2015/QH13"", ""aid"": 50892}, {""law_id"": ""91/2015/QH13"", ""aid"": 52892}, {""law_id"": ""91/2015/QH13"", ""aid"": 52897}, {""law_id"": ""91/2015/QH13"", ""aid"": 52898}, {""law_id"": ""91/2015/QH13"", ""aid"": 52908}, {""law_id"": ""91/2015/QH13"", ""aid"": 52989}, {""law_id"": ""91/2015/QH13"", ""aid"": 52993}, {""law_id"": ""45/2013/QH13"", ""aid"": 56056}, {""law_id"": ""52/2014/QH13"", ""aid"": 53900}, {""law_id"": ""91/2015/QH13"", ""aid"": 53238}]","[{""law_id"": ""326/2016/UBTVQH14"", ""aid"": 13626}, {""law_id"": ""45/2013/QH13"", ""aid"": 56045}, {""law_id"": ""45/2013/QH13"", ""aid"": 56118}, {""law_id"": ""45/2013/QH13"", ""aid"": 55953}, {""law_id"": ""45/2013/QH13"", ""aid"": 56117}, {""law_id"": ""92/2015/QH13"", ""aid"": 51142}, {""law_id"": ""45/2013/QH13"", ""aid"": 56050}, {""law_id"": ""45/2013/QH13"", ""aid"": 56049}]","Ông Nông Văn H và bà Đào Thị H khởi kiện ông Nguyễn Quang V, bà Vũ Thị Y về hợp đồng chuyển nhượng quyền sử dụng đất và tài sản gắn liền với đất đối với thửa đất có nhà cấp 4. Nguyên đơn yêu cầu bị đơn giao nhà đất; nếu không giao được thì hoàn trả 80.000.000 đồng. Agent dự đoán nguyên đơn thắng kiện hay bị đơn thắng kiện?"
case_614,1,0.125,0.05,"[{""law_id"": ""92/2015/QH13"", ""aid"": 50691}, {""law_id"": ""92/2015/QH13"", ""aid"": 50700}, {""law_id"": ""92/2015/QH13"", ""aid"": 50704}, {""law_id"": ""92/2015/QH13"", ""aid"": 50812}, {""law_id"": ""92/2015/QH13"", ""aid"": 50822}, {""law_id"": ""92/2015/QH13"", ""aid"": 50830}, {""law_id"": ""92/2015/QH13"", ""aid"": 50849}, {""law_id"": ""92/2015/QH13"", ""aid"": 50892}, {""law_id"": ""92/2015/QH13"", ""aid"": 50893}, {""law_id"": ""92/2015/QH13"", ""aid"": 50938}, {""law_id"": ""91/2015/QH13"", ""aid"": 53458}, {""law_id"": ""91/2015/QH13"", ""aid"": 53403}, {""law_id"": ""91/2015/QH13"", ""aid"": 53405}, {""law_id"": ""91/2015/QH13"", ""aid"": 53444}, {""law_id"": ""91/2015/QH13"", ""aid"": 53445}, {""law_id"": ""91/2015/QH13"", ""aid"": 53446}, {""law_id"": ""91/2015/QH13"", ""aid"": 53451}, {""law_id"": ""91/2015/QH13"", ""aid"": 53455}, {""law_id"": ""91/2015/QH13"", ""aid"": 53393}, {""law_id"": ""326/2016/UBTVQH14"", ""aid"": 13626}]","[{""law_id"": ""45/2013/QH13"", ""aid"": 55953}, {""law_id"": ""326/2016/UBTVQH14"", ""aid"": 13626}, {""law_id"": ""45/2013/QH13"", ""aid"": 56045}, {""law_id"": ""45/2013/QH13"", ""aid"": 56129}, {""law_id"": ""52/2014/QH13"", ""aid"": 53875}, {""law_id"": ""45/2013/QH13"", ""aid"": 56152}, {""law_id"": ""45/2013/QH13"", ""aid"": 56048}, {""law_id"": ""26/2008/QH12"", ""aid"": 5378}]","Ông Trần Văn Đ và ông Trần Văn T là nguyên đơn tranh chấp với ông Trần Quốc H (cùng nhiều người thừa kế khác) về di sản thừa kế là quyền sử dụng đất 432,1m2 và tài sản gắn liền trên đất thuộc thửa 51, tờ bản đồ 11 xã A. Nguyên đơn yêu cầu chia di sản thành 11 phần, ông T nhận hiện vật và thanh toán giá trị cho 10 người còn lại. Agent dự đoán nguyên đơn thắng kiện hay bị đơn thắng kiện?"
case_1959,0,0.0,0.0,"[{""law_id"": ""91/2015/QH13"", ""aid"": 53038}, {""law_id"": ""91/2015/QH13"", ""aid"": 53374}, {""law_id"": ""91/2015/QH13"", ""aid"": 53378}, {""law_id"": ""91/2015/QH13"", ""aid"": 53075}, {""law_id"": ""92/2015/QH13"", ""aid"": 50893}]","[{""law_id"": ""50/2014/QH13"", ""aid"": 57108}, {""law_id"": ""52/2014/QH13"", ""aid"": 53875}, {""law_id"": ""92/2015/QH13"", ""aid"": 50882}, {""law_id"": ""326/2016/UBTVQH14"", ""aid"": 13622}, {""law_id"": ""326/2016/UBTVQH14"", ""aid"": 13626}, {""law_id"": ""92/2015/QH13"", ""aid"": 50705}, {""law_id"": ""92/2015/QH13"", ""aid"": 50931}, {""law_id"": ""92/2015/QH13"", ""aid"": 51102}]",Ông Nguyễn Thanh S đại diện bà Đinh Thị L kiện ông Nguyễn Văn H (và bà Lê Thị Phước với tư cách liên quan/kế thừa) tranh chấp bồi thường thiệt hại do tài sản bị xâm phạm: hàng rào trụ xi măng lưới B40 bị sập ngã sau khi bên kia đào/nạo vét đường nước sát ranh giới. Nguyên đơn yêu cầu buộc bồi thường chi phí xây lại hàng rào theo giá trị chi phí cụ thể. Agent dự đoán nguyên đơn hay bị đơn sẽ thắng?
case_6425,0,0.0,0.0,"[{""law_id"": ""91/2015/QH13"", ""aid"": 53378}, {""law_id"": ""91/2015/QH13"", ""aid"": 53038}, {""law_id"": ""91/2015/QH13"", ""aid"": 53374}, {""law_id"": ""91/2015/QH13"", ""aid"": 53375}, {""law_id"": ""91/2015/QH13"", ""aid"": 53075}, {""law_id"": ""92/2015/QH13"", ""aid"": 50893}]","[{""law_id"": ""45/2013/QH13"", ""aid"": 55953}, {""law_id"": ""45/2013/QH13"", ""aid"": 56045}, {""law_id"": ""52/2014/QH13"", ""aid"": 53875}, {""law_id"": ""326/2016/UBTVQH14"", ""aid"": 13626}, {""law_id"": ""45/2013/QH13"", ""aid"": 56052}, {""law_id"": ""45/2013/QH13"", ""aid"": 56064}, {""law_id"": ""45/2013/QH13"", ""aid"": 56022}, {""law_id"": ""92/2015/QH13"", ""aid"": 51142}]","Ông A tranh chấp quyền sử dụng đất với bà B, ông C và liên quan bà D, bà E, cùng UBND tỉnh Sóc Trăng. Vụ việc liên quan phần đất ông A bị lấn chiếm, đồng thời phần đất được UBND tỉnh cấp chồng lên. Ông A yêu cầu buộc các bên hoàn trả giá trị quyền sử dụng đất theo diện tích lấn chiếm và chồng lấn, tính theo giá Nhà nước. Agent dự đoán nguyên đơn thắng kiện hay bị đơn thắng kiện?"
case_3735,0,0.0,0.0,"[{""law_id"": ""92/2015/QH13"", ""aid"": 50691}, {""law_id"": ""92/2015/QH13"", ""aid"": 50700}, {""law_id"": ""92/2015/QH13"", ""aid"": 50704}, {""law_id"": ""92/2015/QH13"", ""aid"": 50756}, {""law_id"": ""92/2015/QH13"", ""aid"": 50809}, {""law_id"": ""92/2015/QH13"", ""aid"": 50812}, {""law_id"": ""92/2015/QH13"", ""aid"": 50822}, {""law_id"": ""92/2015/QH13"", ""aid"": 50894}, {""law_id"": ""91/2015/QH13"", ""aid"": 53238}, {""law_id"": ""91/2015/QH13"", ""aid"": 53274}, {""law_id"": ""91/2015/QH13"", ""aid"": 53279}, {""law_id"": ""91/2015/QH13"", ""aid"": 53280}, {""law_id"": ""326/2016/UBTVQH14"", ""aid"": 13625}]","[{""law_id"": ""92/2015/QH13"", ""aid"": 51142}, {""law_id"": ""92/2015/QH13"", ""aid"": 50882}, {""law_id"": ""92/2015/QH13"", ""aid"": 50931}, {""law_id"": ""92/2015/QH13"", ""aid"": 51062}, {""law_id"": ""92/2015/QH13"", ""aid"": 51102}, {""law_id"": ""92/2015/QH13"", ""aid"": 51122}, {""law_id"": ""92/2015/QH13"", ""aid"": 50857}, {""law_id"": ""26/2008/QH12"", ""aid"": 5313}]","Anh Nguyễn T và chị Nguyễn T1 tranh chấp hợp đồng hợp tác, liên quan khoản hùn tiền thuê lại quán nước của chị Huỳnh Thị H ngày 07/02/2017. Tòa án xem xét nghĩa vụ hoàn trả tiền hùn thuê quán, đồng thời việc chia lời lỗ và tài sản chị T1 mua sắm phục vụ bán nước. Nguyên đơn yêu cầu chị T1 hoàn trả 30.000.000đ. Agent dự đoán nguyên đơn thắng kiện hay bị đơn thắng kiện?"
case_5860,0,0.0,0.0,"[{""law_id"": ""91/2015/QH13"", ""aid"": 52936}, {""law_id"": ""91/2015/QH13"", ""aid"": 53140}, {""law_id"": ""91/2015/QH13"", ""aid"": 53127}, {""law_id"": ""91/2015/QH13"", ""aid"": 53238}, {""law_id"": ""92/2015/QH13"", ""aid"": 50892}, {""law_id"": ""92/2015/QH13"", ""aid"": 50893}, {""law_id"": ""92/2015/QH13"", ""aid"": 50812}, {""law_id"": ""326/2016/UBTVQH14"", ""aid"": 13625}]","[{""law_id"": ""47/2010/QH12"", ""aid"": 273}, {""law_id"": ""45/2013/QH13"", ""aid"": 55953}, {""law_id"": ""100/2015/QH13"", ""aid"": 56644}, {""law_id"": ""52/2014/QH13"", ""aid"": 53875}, {""law_id"": ""92/2015/QH13"", ""aid"": 50691}, {""law_id"": ""326/2016/UBTVQH14"", ""aid"": 13626}, {""law_id"": ""45/2013/QH13"", ""aid"": 56152}, {""law_id"": ""45/2013/QH13"", ""aid"": 56049}]","Công ty TNHH thương mại xuất nhập khẩu Hữu Thành P tranh chấp với anh Lê Quốc V về khoản nợ phát sinh từ giao dịch mua bán nhớt, liên quan “đơn xác nhận công nợ” và các hóa đơn cho cây xăng Phước L. Nguyên đơn yêu cầu anh V trả 22.187.000 đồng. Agent dự đoán nguyên đơn thắng kiện hay bị đơn thắng kiện?"
case_7467,1,0.375,0.1875,"[{""law_id"": ""92/2015/QH13"", ""aid"": 50691}, {""law_id"": ""92/2015/QH13"", ""aid"": 50700}, {""law_id"": ""92/2015/QH13"", ""aid"": 50704}, {""law_id"": ""92/2015/QH13"", ""aid"": 50812}, {""law_id"": ""92/2015/QH13"", ""aid"": 50822}, {""law_id"": ""92/2015/QH13"", ""aid"": 50830}, {""law_id"": ""92/2015/QH13"", ""aid"": 50893}, {""law_id"": ""91/2015/QH13"", ""aid"": 53393}, {""law_id"": ""91/2015/QH13"", ""aid"": 53400}, {""law_id"": ""91/2015/QH13"", ""aid"": 53413}, {""law_id"": ""91/2015/QH13"", ""aid"": 53420}, {""law_id"": ""91/2015/QH13"", ""aid"": 53421}, {""law_id"": ""91/2015/QH13"", ""aid"": 53422}, {""law_id"": ""326/2016/UBTVQH14"", ""aid"": 13611}, {""law_id"": ""326/2016/UBTVQH14"", ""aid"": 13625}, {""law_id"": ""326/2016/UBTVQH14"", ""aid"": 13626}]","[{""law_id"": ""326/2016/UBTVQH14"", ""aid"": 13626}, {""law_id"": ""52/2014/QH13"", ""aid"": 53875}, {""law_id"": ""45/2013/QH13"", ""aid"": 56045}, {""law_id"": ""52/2014/QH13"", ""aid"": 53938}, {""law_id"": ""91/2015/QH13"", ""aid"": 53421}, {""law_id"": ""92/2015/QH13"", ""aid"": 50704}, {""law_id"": ""91/2015/QH13"", ""aid"": 53414}, {""law_id"": ""52/2014/QH13"", ""aid"": 53905}]","Bà Võ Thị Huỳnh H1 và các đồng nguyên đơn gồm bà Võ Thị Huỳnh H2, bà Võ Thị Thanh H5, bà Võ Thị Thanh H6, ông Võ Thế H3, ông Võ Thế H4 tranh chấp di sản thừa kế của cụ Võ Văn M và cụ Phan Thị S với bị đơn ông Võ Thế Đ. Nguyên đơn yêu cầu chia thừa kế theo pháp luật đối với các phần đất, trừ phần đã tặng cho. Agent dự đoán nguyên đơn thắng hay bị đơn thắng?"
case_149,1,0.125,0.14285714285714285,"[{""law_id"": ""92/2015/QH13"", ""aid"": 50691}, {""law_id"": ""92/2015/QH13"", ""aid"": 50700}, {""law_id"": ""92/2015/QH13"", ""aid"": 50812}, {""law_id"": ""45/2013/QH13"", ""aid"": 56117}, {""law_id"": ""52/2014/QH13"", ""aid"": 53917}, {""law_id"": ""326/2016/UBTVQH14"", ""aid"": 13611}, {""law_id"": ""326/2016/UBTVQH14"", ""aid"": 13625}]","[{""law_id"": ""326/2016/UBTVQH14"", ""aid"": 13626}, {""law_id"": ""50/2014/QH13"", ""aid"": 57108}, {""law_id"": ""92/2015/QH13"", ""aid"": 50691}, {""law_id"": ""45/2013/QH13"", ""aid"": 55953}, {""law_id"": ""45/2013/QH13"", ""aid"": 56045}, {""law_id"": ""45/2013/QH13"", ""aid"": 56022}, {""law_id"": ""52/2014/QH13"", ""aid"": 53875}, {""law_id"": ""66/2014/QH13"", ""aid"": 856}]","Ông Trần Xuân V khởi kiện vợ chồng ông Nguyễn Gia H, bà Nguyễn Thị L tranh chấp hợp đồng chuyển nhượng quyền sử dụng đất ký 09/10/2018, đồng thời yêu cầu trả lại tiền nhận và bồi thường thiệt hại theo thỏa thuận phạt. Agent dự đoán yêu cầu của nguyên đơn sẽ được chấp nhận hay không?"
case_3079,0,0.0,0.0,"[{""law_id"": ""92/2015/QH13"", ""aid"": 50691}, {""law_id"": ""92/2015/QH13"", ""aid"": 50700}, {""law_id"": ""92/2015/QH13"", ""aid"": 50704}, {""law_id"": ""92/2015/QH13"", ""aid"": 50757}, {""law_id"": ""92/2015/QH13"", ""aid"": 50812}, {""law_id"": ""91/2015/QH13"", ""aid"": 53374}, {""law_id"": ""91/2015/QH13"", ""aid"": 53375}, {""law_id"": ""91/2015/QH13"", ""aid"": 53376}, {""law_id"": ""91/2015/QH13"", ""aid"": 53378}, {""law_id"": ""91/2015/QH13"", ""aid"": 53379}, {""law_id"": ""326/2016/UBTVQH14"", ""aid"": 13611}, {""law_id"": ""326/2016/UBTVQH14"", ""aid"": 13625}]","[{""law_id"": ""91/2015/QH13"", ""aid"": 53360}, {""law_id"": ""50/2014/QH13"", ""aid"": 57108}, {""law_id"": ""52/2014/QH13"", ""aid"": 53875}, {""law_id"": ""91/2015/QH13"", ""aid"": 53361}, {""law_id"": ""91/2015/QH13"", ""aid"": 53362}, {""law_id"": ""93/2015/QH13"", ""aid"": 14601}, {""law_id"": ""92/2015/QH13"", ""aid"": 50743}, {""law_id"": ""100/2015/QH13"", ""aid"": 56637}]","Ông V kiện ông T và bà H liên quan về bồi thường thiệt hại ngoài hợp đồng do bị xâm phạm sức khỏe, trong đó ông V yêu cầu bồi thường chi phí điều trị, mất thu nhập, mất thu nhập người chăm sóc, tổn thất tinh thần và thiệt hại tài sản gắn với hậu quả vụ việc. Agent hãy dự đoán nguyên đơn thắng kiện hay bị đơn thắng kiện."
case_8812,1,0.125,0.1111111111111111,"[{""law_id"": ""91/2015/QH13"", ""aid"": 53127}, {""law_id"": ""91/2015/QH13"", ""aid"": 53354}, {""law_id"": ""91/2015/QH13"", ""aid"": 53355}, {""law_id"": ""91/2015/QH13"", ""aid"": 53356}, {""law_id"": ""91/2015/QH13"", ""aid"": 53357}, {""law_id"": ""91/2015/QH13"", ""aid"": 53360}, {""law_id"": ""92/2015/QH13"", ""aid"": 50892}, {""law_id"": ""92/2015/QH13"", ""aid"": 50893}, {""law_id"": ""92/2015/QH13"", ""aid"": 50909}]","[{""law_id"": ""52/2014/QH13"", ""aid"": 53875}, {""law_id"": ""91/2015/QH13"", ""aid"": 53362}, {""law_id"": ""91/2015/QH13"", ""aid"": 53360}, {""law_id"": ""91/2015/QH13"", ""aid"": 53361}, {""law_id"": ""326/2016/UBTVQH14"", ""aid"": 13611}, {""law_id"": ""91/2015/QH13"", ""aid"": 53376}, {""law_id"": ""92/2015/QH13"", ""aid"": 50857}, {""law_id"": ""50/2014/QH13"", ""aid"": 57108}]","Anh Trần Văn N khởi kiện các anh Đào Nhựt Q, Trần Quang V về bồi thường thiệt hại ngoài hợp đồng do bị đánh gây thương tích trong tiệc rượu ngày 24/11/2017, yêu cầu liên đới chi phí thuốc, viện phí, thu nhập bị mất và bù đắp tổn thất tinh thần. Agent dự đoán: nguyên đơn thắng kiện hay bị đơn thắng kiện?"
case_5057,0,0.0,0.0,"[{""law_id"": ""92/2015/QH13"", ""aid"": 50691}, {""law_id"": ""92/2015/QH13"", ""aid"": 50700}, {""law_id"": ""92/2015/QH13"", ""aid"": 50704}, {""law_id"": ""92/2015/QH13"", ""aid"": 50751}, {""law_id"": ""92/2015/QH13"", ""aid"": 50756}, {""law_id"": ""92/2015/QH13"", ""aid"": 50812}, {""law_id"": ""92/2015/QH13"", ""aid"": 50822}, {""law_id"": ""92/2015/QH13"", ""aid"": 50830}, {""law_id"": ""92/2015/QH13"", ""aid"": 50936}, {""law_id"": ""92/2015/QH13"", ""aid"": 50938}, {""law_id"": ""91/2015/QH13"", ""aid"": 53044}, {""law_id"": ""91/2015/QH13"", ""aid"": 53121}, {""law_id"": ""91/2015/QH13"", ""aid"": 53123}, {""law_id"": ""45/2013/QH13"", ""aid"": 56116}, {""law_id"": ""326/2016/UBTVQH14"", ""aid"": 13647}]","[{""law_id"": ""52/2014/QH13"", ""aid"": 53875}, {""law_id"": ""50/2014/QH13"", ""aid"": 56965}, {""law_id"": ""92/2015/QH13"", ""aid"": 50857}, {""law_id"": ""326/2016/UBTVQH14"", ""aid"": 13626}, {""law_id"": ""26/2008/QH12"", ""aid"": 5286}, {""law_id"": ""92/2015/QH13"", ""aid"": 51142}, {""law_id"": ""93/2015/QH13"", ""aid"": 14308}, {""law_id"": ""45/2013/QH13"", ""aid"": 55953}]","Ông HNA khởi kiện ông ĐTK (Đỗ Văn Hào) và bà HTKN về tranh chấp quyền sử dụng 52,7m2 đất, phát sinh từ việc ngày 20/10/2007 ông A lập tờ cam kết cho vợ chồng bị đơn mượn đất ở nhờ 5 năm để cất nhà, hết hạn không trả. Ông A yêu cầu tháo dỡ nhà, giao trả đất theo đo đạc. Theo bạn, ông A có khả năng thắng kiện hay bị đơn thắng kiện?"
case_551,0,0.0,0.0,"[{""law_id"": ""91/2015/QH13"", ""aid"": 52886}, {""law_id"": ""45/2013/QH13"", ""aid"": 56116}, {""law_id"": ""45/2013/QH13"", ""aid"": 56000}, {""law_id"": ""02/2011/QH13"", ""aid"": 13288}, {""law_id"": ""02/2011/QH13"", ""aid"": 13287}, {""law_id"": ""93/2015/QH13"", ""aid"": 14498}, {""law_id"": ""92/2015/QH13"", ""aid"": 50812}]","[{""law_id"": ""45/2013/QH13"", ""aid"": 55953}, {""law_id"": ""52/2014/QH13"", ""aid"": 53875}, {""law_id"": ""45/2013/QH13"", ""aid"": 56152}, {""law_id"": ""92/2015/QH13"", ""aid"": 50931}, {""law_id"": ""45/2013/QH13"", ""aid"": 56045}, {""law_id"": ""92/2015/QH13"", ""aid"": 51142}, {""law_id"": ""92/2015/QH13"", ""aid"": 50882}, {""law_id"": ""92/2015/QH13"", ""aid"": 51102}]","Nguyên đơn ông Nguyễn Hữu C (và người đại diện theo ủy quyền) tranh chấp với bị đơn ông Hoàng Đình T, ông Hoàng Đình L cùng UBND xã T S và UBND huyện Đ L. Tranh chấp quyền sử dụng các thửa đất liên quan thửa 18 và thửa 53, yêu cầu hủy quyết định hành chính cá biệt. Nguyên đơn yêu cầu buộc thu hoạch cây cối, trả lại đất. Agent dự đoán nguyên đơn thắng kiện hay bị đơn thắng kiện?"
case_669,0,0.0,0.0,"[{""law_id"": ""92/2015/QH13"", ""aid"": 50812}, {""law_id"": ""91/2015/QH13"", ""aid"": 53067}, {""law_id"": ""91/2015/QH13"", ""aid"": 53458}]","[{""law_id"": ""92/2015/QH13"", ""aid"": 51142}, {""law_id"": ""45/2013/QH13"", ""aid"": 55953}, {""law_id"": ""45/2013/QH13"", ""aid"": 55990}, {""law_id"": ""92/2015/QH13"", ""aid"": 50931}, {""law_id"": ""326/2016/UBTVQH14"", ""aid"": 13626}, {""law_id"": ""92/2015/QH13"", ""aid"": 51123}, {""law_id"": ""45/2013/QH13"", ""aid"": 56152}, {""law_id"": ""92/2015/QH13"", ""aid"": 51103}]","Nguyên đơn ông Danh Ch, bà Thị M tranh chấp với các bị đơn bà Thị X, bà Thị Q, bà Thị Đ, ông Danh C về việc hủy/bảo lưu hợp đồng chuyển nhượng quyền sử dụng đất viết tay miệng năm 1995 liên quan diện tích khoảng 3.263m2 tại khu phố M, thị trấn M, huyện Châu Thành. Nguyên đơn yêu cầu hủy hợp đồng và đòi lại đất, kèm hoàn trả vàng và lúa đã nhận, dự đoán nguyên đơn thắng kiện hay bị đơn thắng kiện?"
case_4557,1,0.125,0.05555555555555555,"[{""law_id"": ""92/2015/QH13"", ""aid"": 50691}, {""law_id"": ""92/2015/QH13"", ""aid"": 50700}, {""law_id"": ""92/2015/QH13"", ""aid"": 50704}, {""law_id"": ""92/2015/QH13"", ""aid"": 50705}, {""law_id"": ""92/2015/QH13"", ""aid"": 50756}, {""law_id"": ""92/2015/QH13"", ""aid"": 50809}, {""law_id"": ""92/2015/QH13"", ""aid"": 50812}, {""law_id"": ""92/2015/QH13"", ""aid"": 50892}, {""law_id"": ""92/2015/QH13"", ""aid"": 50893}, {""law_id"": ""92/2015/QH13"", ""aid"": 50909}, {""law_id"": ""91/2015/QH13"", ""aid"": 53155}, {""law_id"": ""91/2015/QH13"", ""aid"": 53189}, {""law_id"": ""50/2014/QH13"", ""aid"": 57100}, {""law_id"": ""50/2014/QH13"", ""aid"": 57101}, {""law_id"": ""50/2014/QH13"", ""aid"": 57102}, {""law_id"": ""50/2014/QH13"", ""aid"": 57108}, {""law_id"": ""37/2015/ND-CP"", ""aid"": 4056}, {""law_id"": ""37/2015/ND-CP"", ""aid"": 4057}]","[{""law_id"": ""50/2014/QH13"", ""aid"": 56965}, {""law_id"": ""50/2014/QH13"", ""aid"": 57108}, {""law_id"": ""52/2014/QH13"", ""aid"": 53875}, {""law_id"": ""37/2015/NĐ-CP"", ""aid"": 4081}, {""law_id"": ""50/2014/QH13"", ""aid"": 57020}, {""law_id"": ""47/2010/QH12"", ""aid"": 273}, {""law_id"": ""45/2013/QH13"", ""aid"": 56021}, {""law_id"": ""50/2014/QH13"", ""aid"": 57074}]","Ông Thái C và Công ty C tranh chấp hợp đồng kinh tế số 158/2015/HĐKT về cung cấp nhân lực, máy và thiết bị thi công phần “Tổ nhân công” công trình Khu Hành chính huyện H, tỉnh Đồng Tháp, liên quan chấm dứt, quyết toán công nợ và nghĩa vụ thanh toán. Ông C yêu cầu bồi thường thiệt hại theo mức 12% giá trị hợp đồng 158 là 103.680.000đ. Agent dự đoán nguyên đơn thắng kiện hay bị đơn thắng kiện?"
case_950,0,0.0,0.0,"[{""law_id"": ""92/2015/QH13"", ""aid"": 50809}, {""law_id"": ""92/2015/QH13"", ""aid"": 50812}, {""law_id"": ""92/2015/QH13"", ""aid"": 50822}, {""law_id"": ""92/2015/QH13"", ""aid"": 50830}, {""law_id"": ""92/2015/QH13"", ""aid"": 50892}, {""law_id"": ""92/2015/QH13"", ""aid"": 50893}, {""law_id"": ""91/2015/QH13"", ""aid"": 53004}, {""law_id"": ""91/2015/QH13"", ""aid"": 53374}, {""law_id"": ""45/2013/QH13"", ""aid"": 55999}, {""law_id"": ""45/2013/QH13"", ""aid"": 56000}, {""law_id"": ""45/2013/QH13"", ""aid"": 56002}, {""law_id"": ""45/2013/QH13"", ""aid"": 56055}, {""law_id"": ""45/2013/QH13"", ""aid"": 56073}]","[{""law_id"": ""45/2013/QH13"", ""aid"": 55953}, {""law_id"": ""45/2013/QH13"", ""aid"": 56014}, {""law_id"": ""45/2013/QH13"", ""aid"": 56045}, {""law_id"": ""45/2013/QH13"", ""aid"": 56052}, {""law_id"": ""326/2016/UBTVQH14"", ""aid"": 13626}, {""law_id"": ""45/2013/QH13"", ""aid"": 56064}, {""law_id"": ""45/2013/QH13"", ""aid"": 56138}, {""law_id"": ""45/2013/QH13"", ""aid"": 56027}]","Ông Huỳnh Tấn T kiện ông Nguyễn Khánh T2 tranh chấp quyền sử dụng đất kèm đòi bồi thường 56 cây chuối bị chặt. Quyền sử dụng đối với thửa đất diện tích 1.421,38m2 tại thửa số 173, tờ bản đồ 26; cho rằng bị đơn lấn chiếm và đã thực hiện hành vi phá cây. Agent dự đoán nguyên đơn thắng kiện hay bị đơn thắng kiện?"
case_2035,0,0.0,0.0,"[{""law_id"": ""91/2015/QH13"", ""aid"": 53036}, {""law_id"": ""91/2015/QH13"", ""aid"": 53041}, {""law_id"": ""45/2013/QH13"", ""aid"": 55976}, {""law_id"": ""45/2013/QH13"", ""aid"": 56116}, {""law_id"": ""45/2013/QH13"", ""aid"": 56120}]","[{""law_id"": ""92/2015/QH13"", ""aid"": 50931}, {""law_id"": ""45/2013/QH13"", ""aid"": 55953}, {""law_id"": ""45/2013/QH13"", ""aid"": 56152}, {""law_id"": ""52/2014/QH13"", ""aid"": 53875}, {""law_id"": ""45/2013/QH13"", ""aid"": 56064}, {""law_id"": ""92/2015/QH13"", ""aid"": 50861}, {""law_id"": ""45/2013/QH13"", ""aid"": 56045}, {""law_id"": ""92/2015/QH13"", ""aid"": 50865}]","Ông Trần Sinh H và người đại diện Nguyễn Thị C tranh chấp với ông Trần Văn L và liên quan đến bức tường, phần đất dưới bức tường, ban công, cửa sổ giữa hai nhà. Nguyên đơn yêu cầu công nhận bức tường 8,33m x cao 5,6m thuộc mình và buộc bị đơn tháo mái tôn, kèo, tháo ban công lấn sang, đồng thời bít cửa sổ nhìn sang. Theo bạn, nguyên đơn thắng kiện hay bị đơn thắng kiện?"
case_8303,0,0.0,0.0,"[{""law_id"": ""91/2015/QH13"", ""aid"": 52892}, {""law_id"": ""91/2015/QH13"", ""aid"": 52894}, {""law_id"": ""91/2015/QH13"", ""aid"": 53113}, {""law_id"": ""91/2015/QH13"", ""aid"": 53121}, {""law_id"": ""91/2015/QH13"", ""aid"": 53125}, {""law_id"": ""91/2015/QH13"", ""aid"": 53192}, {""law_id"": ""91/2015/QH13"", ""aid"": 53491}, {""law_id"": ""47/2010/QH12"", ""aid"": 360}, {""law_id"": ""47/2010/QH12"", ""aid"": 364}, {""law_id"": ""92/2015/QH13"", ""aid"": 50691}, {""law_id"": ""92/2015/QH13"", ""aid"": 50700}, {""law_id"": ""92/2015/QH13"", ""aid"": 50704}, {""law_id"": ""92/2015/QH13"", ""aid"": 50760}, {""law_id"": ""92/2015/QH13"", ""aid"": 50811}, {""law_id"": ""92/2015/QH13"", ""aid"": 50892}, {""law_id"": ""92/2015/QH13"", ""aid"": 50893}, {""law_id"": ""92/2015/QH13"", ""aid"": 50936}, {""law_id"": ""92/2015/QH13"", ""aid"": 50938}, {""law_id"": ""326/2016/UBTVQH14"", ""aid"": 13625}]","[{""law_id"": ""47/2010/QH12"", ""aid"": 273}, {""law_id"": ""92/2015/QH13"", ""aid"": 50882}, {""law_id"": ""92/2015/QH13"", ""aid"": 50931}, {""law_id"": ""326/2016/UBTVQH14"", ""aid"": 13626}, {""law_id"": ""37/2015/NĐ-CP"", ""aid"": 4084}, {""law_id"": ""92/2015/QH13"", ""aid"": 51142}, {""law_id"": ""92/2015/QH13"", ""aid"": 50857}, {""law_id"": ""45/2013/QH13"", ""aid"": 56045}]","Công ty QLTS (VAMC, kế thừa quyền và nghĩa vụ từ Ngân hàng VIB) khởi kiện bà Đỗ Thị T và ông Chu Văn A về tranh chấp hợp đồng tín dụng, kèm khế ước nhận nợ và nghĩa vụ trả lãi, gốc. Tài sản thế chấp là quyền sử dụng 113,9m2 đất thửa 342. Nguyên đơn yêu cầu thanh toán toàn bộ nợ và cho phép xử lý tài sản bảo đảm. Agent dự đoán nguyên đơn thắng kiện hay bị đơn thắng kiện?"
case_4704,0,0.0,0.0,"[{""law_id"": ""92/2015/QH13"", ""aid"": 50691}, {""law_id"": ""92/2015/QH13"", ""aid"": 50702}, {""law_id"": ""92/2015/QH13"", ""aid"": 50830}, {""law_id"": ""92/2015/QH13"", ""aid"": 50893}, {""law_id"": ""91/2015/QH13"", ""aid"": 53015}, {""law_id"": ""91/2015/QH13"", ""aid"": 53410}, {""law_id"": ""91/2015/QH13"", ""aid"": 53415}, {""law_id"": ""91/2015/QH13"", ""aid"": 53445}, {""law_id"": ""91/2015/QH13"", ""aid"": 53446}, {""law_id"": ""91/2015/QH13"", ""aid"": 53455}]","[{""law_id"": ""326/2016/UBTVQH14"", ""aid"": 13626}, {""law_id"": ""50/2014/QH13"", ""aid"": 56965}, {""law_id"": ""52/2014/QH13"", ""aid"": 53875}, {""law_id"": ""45/2013/QH13"", ""aid"": 55953}, {""law_id"": ""45/2013/QH13"", ""aid"": 56045}, {""law_id"": ""91/2015/QH13"", ""aid"": 53429}, {""law_id"": ""92/2015/QH13"", ""aid"": 50857}, {""law_id"": ""50/2014/QH13"", ""aid"": 57051}]","Ông Lê Phú L khởi kiện ông Lê Phú T tranh chấp thừa kế đối với nhà và đất số MC, Phường 15, Quận 8 cùng các vật dụng trong nhà của ông Lê Văn S, bà Ngô Thị N (không để lại di chúc). Nguyên đơn yêu cầu trừ 200.000.000đ sửa chữa rồi chia cho 4 người thừa kế, ông L xin giữ căn nhà và trả giá trị phần thừa kế. Agent dự đoán nguyên đơn có khả năng được chấp nhận hay không?"
case_4644,1,0.125,0.09090909090909091,"[{""law_id"": ""91/2015/QH13"", ""aid"": 53127}, {""law_id"": ""91/2015/QH13"", ""aid"": 53354}, {""law_id"": ""91/2015/QH13"", ""aid"": 53355}, {""law_id"": ""91/2015/QH13"", ""aid"": 53356}, {""law_id"": ""91/2015/QH13"", ""aid"": 53357}, {""law_id"": ""91/2015/QH13"", ""aid"": 53360}, {""law_id"": ""92/2015/QH13"", ""aid"": 50700}, {""law_id"": ""92/2015/QH13"", ""aid"": 50931}, {""law_id"": ""92/2015/QH13"", ""aid"": 50936}, {""law_id"": ""92/2015/QH13"", ""aid"": 50938}, {""law_id"": ""326/2016/UBTVQH14"", ""aid"": 13625}]","[{""law_id"": ""91/2015/QH13"", ""aid"": 53360}, {""law_id"": ""52/2014/QH13"", ""aid"": 53875}, {""law_id"": ""92/2015/QH13"", ""aid"": 51142}, {""law_id"": ""92/2015/QH13"", ""aid"": 50705}, {""law_id"": ""100/2015/QH13"", ""aid"": 56747}, {""law_id"": ""66/2014/QH13"", ""aid"": 844}, {""law_id"": ""100/2015/QH13"", ""aid"": 56725}, {""law_id"": ""92/2015/QH13"", ""aid"": 50743}]","Anh Thân Văn D kiện anh Đặng Văn N và chị Đỗ Thị C về bồi thường thiệt hại sức khỏe ngoài hợp đồng do xô xát ngày 08/9/2016 gây thương tích 10%, ảnh hưởng mắt. Nguyên đơn yêu cầu bồi thường chi phí điều trị, tiền mất thu nhập của anh và vợ chăm sóc, cùng 01 điện thoại OPPO bị hỏng. Dự đoán nguyên đơn thắng kiện hay bị đơn thắng kiện?"
case_4834,0,0.0,0.0,"[{""law_id"": ""91/2015/QH13"", ""aid"": 53127}, {""law_id"": ""91/2015/QH13"", ""aid"": 53354}, {""law_id"": ""91/2015/QH13"", ""aid"": 53355}, {""law_id"": ""91/2015/QH13"", ""aid"": 53356}, {""law_id"": ""91/2015/QH13"", ""aid"": 53357}, {""law_id"": ""91/2015/QH13"", ""aid"": 53360}, {""law_id"": ""92/2015/QH13"", ""aid"": 50700}, {""law_id"": ""92/2015/QH13"", ""aid"": 50931}, {""law_id"": ""92/2015/QH13"", ""aid"": 50936}, {""law_id"": ""92/2015/QH13"", ""aid"": 50938}, {""law_id"": ""326/2016/UBTVQH14"", ""aid"": 13625}]","[{""law_id"": ""47/2010/QH12"", ""aid"": 273}, {""law_id"": ""45/2013/QH13"", ""aid"": 55953}, {""law_id"": ""326/2016/UBTVQH14"", ""aid"": 13626}, {""law_id"": ""45/2013/QH13"", ""aid"": 56045}, {""law_id"": ""92/2015/QH13"", ""aid"": 50857}, {""law_id"": ""326/2016/UBTVQH14"", ""aid"": 13610}, {""law_id"": ""92/2015/QH13"", ""aid"": 51142}, {""law_id"": ""45/2013/QH13"", ""aid"": 56160}]","Ông Trần Thanh N, bà Lương Thị D khởi kiện ông Nguyễn Tấn C về việc đòi lại khoản tiền liên quan các hộ dân vay vốn nông nghiệp thông qua ngân hàng, có thỏa thuận giao/thu tiền và thế chấp quyền sử dụng đất. Nguyên đơn yêu cầu buộc bị đơn trả nợ gốc và lãi theo các khoản còn thiếu. Agent dự đoán nguyên đơn thắng kiện hay bị đơn thắng kiện?"
